{"cameraMode":{"drawMode":0,"name":"Shaded","section":"Shading Mode"},"sceneLighting":false,"audioPlay":false,"sceneViewState":{"showFog":true,"showMaterialUpdate":true,"showSkybox":true,"showFlares":true,"showImageEffects":true,"showParticleSystems":true},"in2DMode":false,"pivot":{"x":0.00001055002212524414,"y":2.569999933242798,"z":-15.420000076293946},"rotation":{"x":-0.03820084407925606,"y":-0.7528927326202393,"z":0.043873053044080737,"w":-0.6555672883987427},"size":1.2153635025024415,"orthographic":false}