{"cameraMode":{"drawMode":0,"name":"Shaded","section":"Shading Mode"},"sceneLighting":true,"audioPlay":false,"sceneViewState":{"showFog":true,"showMaterialUpdate":true,"showSkybox":true,"showFlares":true,"showImageEffects":true,"showParticleSystems":true},"in2DMode":false,"pivot":{"x":0.26999998092651369,"y":1.380000352859497,"z":-3.680000066757202},"rotation":{"x":-0.08254937827587128,"y":0.8820122480392456,"z":-0.43228772282600405,"w":-0.16842640936374665},"size":14.548261642456055,"orthographic":false}